Dark Horse;password
Dragon;password
buben;password
zak;password
Gangsta;password
IIyIIcuK;password
EZ LIFE;password
tarakan;password
JayZee;password
nikto;password
eqIwolyKyb;password
zIRipiWygI;password
ujoVunoLIF;password
ecUfyNudOS;password
uMiNExEjyG;password
TiZIx;password
KisskaMalinka;password
KITI_GIRL;password
bloodyMary;password
Zlata;password
musichka;password
Katya;password
chertOFFka;password
Сocain for Love;password
EVA;password
Arleyai;password
Amokorn;password
Arlynna;password
Amedawi;password
Artneed;password
Ass;password
Alo;password
Abl;password
Ahu;password
Anu;password
Alo;password
Ahe;password
Ana;password
Alb;password
Ava;password
Aha;password
Ama;password
Ami;password
Asi;password
Asi;password
Aor;password
Arn;password
Abi;password
Arr;password
Abo;password
Leron;password
Lyaran;password
Latey;password
Lelyiy;password
Lyitay;password
Limur;password
Lumaz;password
Lalf;password
Lyires;password
Liron;password
Sotey;password
Somis;password
Syizar;password
Syalek;password
Silyiy;password
Syilan;password
Syalon;password
Sotay;password
Solf;password
Silf;password
Oyunka;password
Oyussi;password
Oossi;password
Oenita;password
Oyurti;password
Oekki;password
Oeniya;password
Oenka;password
Oiffi;password
Oyiris;password
Zelmi;password
Zesta;password
Zenni;password
Zedel;password
Zella;password
Zerti;password
Zekki;password
Zorti;password
Zyista;password
Zedel;password
Yeska;password
Yesel;password
Yerda;password
Yyurbi;password
Yell;password
Yyurta;password
Yorta;password
Yenita;password
Yeksi;password
Yyukki;password